year,month,volume_million,volume_crore,amount_inr_crore,ticket_size_inr
2025,August-2026,351.0,35.1,7185.03,204.7
2025,July-2026,347.35,34.73,7142.99,205.64
2025,June-2026,361.76,36.18,7214.76,199.43
2025,May-2026,375.23,37.52,7308.07,194.76
2025,April-2026,358.08,35.81,7024.61,196.17
2024,August-2026,351.0,35.1,7185.03,204.7
2024,July-2026,347.35,34.73,7142.99,205.64
2024,June-2026,361.76,36.18,7214.76,199.43
2024,May-2026,375.23,37.52,7308.07,194.76
2024,April-2026,358.08,35.81,7024.61,196.17
